{"src/piminoff/forms/mainform.php":{"_objects":{"label":{"id":"label","type":"ide\\formats\\form\\elements\\LabelFormElement","version":0,"data":[]},"email":{"id":"email","type":"ide\\formats\\form\\elements\\TextFieldFormElement","version":0,"data":[]},"pass":{"id":"pass","type":"ide\\formats\\form\\elements\\PasswordFieldFormElement","version":0,"data":[]},"button":{"id":"button","type":"ide\\formats\\form\\elements\\ButtonFormElement","version":0,"data":[]},"link":{"id":"link","type":"ide\\formats\\form\\elements\\HyperlinkFormElement","version":0,"data":[]},"separator":{"id":"separator","type":"ide\\formats\\form\\elements\\SeparatorFormElement","version":0,"data":[]},"linkAlt":{"id":"linkAlt","type":"ide\\formats\\form\\elements\\HyperlinkFormElement","version":0,"data":[]},"link3":{"id":"link3","type":"ide\\formats\\form\\elements\\HyperlinkFormElement","version":0,"data":[]}}},"src/piminoff/forms/regform.php":{"_objects":{"label":{"id":"label","type":"ide\\formats\\form\\elements\\LabelFormElement","version":0,"data":[]},"email":{"id":"email","type":"ide\\formats\\form\\elements\\TextFieldFormElement","version":0,"data":[]},"pass":{"id":"pass","type":"ide\\formats\\form\\elements\\PasswordFieldFormElement","version":0,"data":[]},"button":{"id":"button","type":"ide\\formats\\form\\elements\\ButtonFormElement","version":0,"data":[]},"link":{"id":"link","type":"ide\\formats\\form\\elements\\HyperlinkFormElement","version":0,"data":[]},"separator":{"id":"separator","type":"ide\\formats\\form\\elements\\SeparatorFormElement","version":0,"data":[]},"linkAlt":{"id":"linkAlt","type":"ide\\formats\\form\\elements\\HyperlinkFormElement","version":0,"data":[]},"link3":{"id":"link3","type":"ide\\formats\\form\\elements\\HyperlinkFormElement","version":0,"data":[]},"rpass":{"id":"rpass","type":"ide\\formats\\form\\elements\\PasswordFieldFormElement","version":0,"data":[]},"name":{"id":"name","type":"ide\\formats\\form\\elements\\TextFieldFormElement","version":0,"data":[]},"surname":{"id":"surname","type":"ide\\formats\\form\\elements\\TextFieldFormElement","version":0,"data":[]}}},"src/piminoff/forms/userinfo.php":{"_objects":{"label":{"id":"label","type":"ide\\formats\\form\\elements\\LabelFormElement","version":0,"data":[]},"labelAlt":{"id":"labelAlt","type":"ide\\formats\\form\\elements\\LabelFormElement","version":0,"data":[]},"label3":{"id":"label3","type":"ide\\formats\\form\\elements\\LabelFormElement","version":0,"data":[]},"label4":{"id":"label4","type":"ide\\formats\\form\\elements\\LabelFormElement","version":0,"data":[]},"label5":{"id":"label5","type":"ide\\formats\\form\\elements\\LabelFormElement","version":0,"data":[]},"label6":{"id":"label6","type":"ide\\formats\\form\\elements\\LabelFormElement","version":0,"data":[]},"buttonAlt":{"id":"buttonAlt","type":"ide\\formats\\form\\elements\\ButtonFormElement","version":0,"data":[]},"separator":{"id":"separator","type":"ide\\formats\\form\\elements\\SeparatorFormElement","version":0,"data":[]},"link3":{"id":"link3","type":"ide\\formats\\form\\elements\\HyperlinkFormElement","version":0,"data":[]},"linkAlt":{"id":"linkAlt","type":"ide\\formats\\form\\elements\\HyperlinkFormElement","version":0,"data":[]},"name":{"id":"name","type":"ide\\formats\\form\\elements\\LabelFormElement","version":0,"data":[]},"surname":{"id":"surname","type":"ide\\formats\\form\\elements\\LabelFormElement","version":0,"data":[]},"email":{"id":"email","type":"ide\\formats\\form\\elements\\LabelFormElement","version":0,"data":[]},"timereg":{"id":"timereg","type":"ide\\formats\\form\\elements\\LabelFormElement","version":0,"data":[]},"timelast":{"id":"timelast","type":"ide\\formats\\form\\elements\\LabelFormElement","version":0,"data":[]},"admin":{"id":"admin","type":"ide\\formats\\form\\elements\\LabelFormElement","version":0,"data":[]}}},"src/piminoff/modules/appmodule.php":{"_objects":[]},"src/piminoff/modules/mainmodule.php":{"_objects":{"ini":{"id":"ini","type":"ide\\scripts\\elements\\IniStorageComponent"}}}}